id,syllabus,cluster,topic,skill,marks,tier,figureRequired,question,context,figure_description,figure_caption,notes
"q1","O-Elective | O-Pure | N-Elective | N-Pure","Climate","Climate Change","Explain","4","free","False","Explain how human activities have contributed to the enhanced greenhouse effect.","","","",""
"q2","O-Elective | O-Pure | N-Elective | N-Pure","Climate","Climate Change","Describe","3","free","False","Describe the relationship between solar activity and global surface temperature changes shown in Fig. 2.3.","The graph shows solar activity (watts/m²) and global surface temperature change (°C) from 1880 to 2020.","Fig. 2.3 — Solar activity vs global surface temperature 1880–2020","Solar activity remains relatively flat while temperature rises sharply post-1950. The divergence is key to your answer.",""
"q3","O-Elective | O-Pure","Climate","Climate Action","Evaluate","9","free","False","'Adaptation strategies are more effective than mitigation strategies in managing the impacts of climate change.' To what extent do you agree with this statement? Explain your answer.","","","",""
"q3n","N-Elective | N-Pure","Climate","Climate Action","Evaluate","6","free","False","'Adaptation strategies are more effective than mitigation strategies in managing the impacts of climate change.' To what extent do you agree with this statement? Explain your answer.","","","",""
"q4","O-Elective | O-Pure | N-Elective | N-Pure","Climate","Weather and Climate","Describe","3","free","False","Describe the temperature and rainfall characteristics of an equatorial climate.","","","",""
"q5","O-Elective | O-Pure","Climate","Climate Action","Evaluate","6","free","False","'Mitigation strategies adopted by countries to build climatic resilience can only be partially effective.' To what extent do you agree with this statement? Explain your answer.","","","",""
"q6","O-Elective | O-Pure | N-Elective | N-Pure","Climate","Climate Change","Explain","2","paid","False","Explain why urban areas tend to experience higher temperatures than surrounding rural areas.","","","",""
"q7","O-Elective | O-Pure | N-Elective | N-Pure","Climate","Climate Change","Explain","4","paid","False","Explain how rising sea levels caused by climate change can result in economic losses for coastal communities.","","","",""
"q8","O-Elective | O-Pure | N-Elective | N-Pure","Climate","Climate Action","Evaluate","3","paid","False","Evaluate the effectiveness of international agreements such as the Paris Agreement in reducing global carbon emissions.","","","",""
"q9","O-Elective | O-Pure | N-Elective | N-Pure","Climate","Weather and Climate","Describe","3","paid","False","Describe the rainfall pattern shown in Fig. 2.2.","Total annual rainfall: 1909mm.","Fig. 2.2 — Climate graph, tropical monsoon location","Distinct wet season (Jun–Oct) and dry season (Nov–May). Cite at least two specific monthly figures.",""
"q10","O-Elective | O-Pure | N-Elective | N-Pure","Climate","Climate Change","Explain","3","paid","False","Explain how deforestation contributes to climate change.","","","",""
"q11","O-Elective | O-Pure | N-Elective | N-Pure","Climate","Weather and Climate","Describe","3","paid","False","Describe the global distribution of areas most vulnerable to the effects of climate change shown in Fig. 3.1.","","Fig. 3.1 — Global vulnerability to climate change impacts","Focus on regions, not individual countries. Note the link between low income and high vulnerability.",""
"q12","O-Elective | O-Pure | N-Elective | N-Pure","Climate","Climate Change","Compare","3","paid","False","Using Fig. 2.4, compare the annual CO₂ emissions per capita between developed and developing countries shown.","","Fig. 2.4 — CO₂ emissions per capita (tonnes), selected countries","Range: 0.6–15 tonnes. USA and Australia highest; Nigeria lowest. Make a direct comparison with figures.",""
"prelim_sch1_p1_q1bi","O-Elective | O-Pure","Geography in Everyday Life","Geographical Investigation — Risk Assessment","Evaluate","2","paid","False","Based on Fig. 1.2, assess the level of risk involved in conducting their investigation at the Southern Ridges PCN.","Before going to the Southern Ridges PCN, the students completed a risk assessment (Fig. 1.2).","Fig. 1.2 — Risk assessment table. Four columns: Hazard, Likelihood (1–5), Severity (1–5), Degree of Risk (= Likelihood × Severity). Four hazards: (1) Getting lost / separated — likelihood 2, severity 2, risk 4; (2) Exposure to high temperature — likelihood 3, severity 3, risk 9; (3) Caught in heavy rainfall — likelihood 3, severity 2, risk 6; (4) Slipping / tripping / falling — likelihood 2, severity 4, risk 8.","Identify the highest-risk hazard (exposure to high temperature, score 9) and judge the overall risk level across all four hazards.",""
"prelim_sch1_p1_q1d","O-Elective | O-Pure","Geography in Everyday Life","Geographical Investigation — Hypothesis Evaluation","Evaluate","6","paid","True","Using Figs. 1.5 and 1.6 only, evaluate how well the data supports the revised hypothesis: ""The Southern Ridges has made a positive impact on its visitors and the environment.""","The students expanded their hypothesis to include environmental impact and conducted both visitor interviews and an environmental observation survey. Fig. 1.5 shows visitor survey results; Fig. 1.6 shows the environmental observation results.","Fig. 1.5 — Grouped bar chart 'Respondents' Opinions of the Impact of Southern Ridges.' Y-axis: Number of Respondents (0–20+). X-axis: Strongly Disagree / Disagree / Neutral / Agree / Strongly Agree. Three bar groups: Q3 Mental Well-being, Q4 Trail Accessibility, Q5 Environmental Awareness. Agree bars highest for all three (~18–21 respondents); Q5 shows more Disagree/Strongly Disagree responses than Q3 or Q4. Fig. 1.6 — Horizontal bar chart 'Environmental Observation Survey.' X-axis: impact score −5 to +5. Five indicators: Educational signboards along Marang Trail (~+3.5); Noise pollution near Alexandra Arch (~+1.5); Trail erosion in Forest Walk section (~+1.5); Biodiversity near Telok Blangah Hill (~+3.5); Litter along Henderson Waves area (~+1).","Use specific data from both charts. Acknowledge supporting evidence (majority Agree/Strongly Agree for Q3 and Q4; positive scores for biodiversity and signboards) and limitations (mixed views on Q5; noise and litter scores near neutral).",""
"prelim_sch1_p1_q2a","O-Elective | O-Pure","Tourism","Factors Contributing to Growth of Tourism","Explain","3","paid","False","With the help of an example, explain how an increase in the ability to travel has led to the growth of tourism.","","","",""
"prelim_sch1_p1_q2b","O-Elective | O-Pure","Tourism","Impact of Tourism — Cultural Dilution","Compare","3","paid","False","Using Fig. 2, compare the role of Chinatown in Singapore over time and explain how this change may lead to cultural dilution if not carefully managed.","Study Fig. 2, which shows two perspectives about Chinatown in Singapore.","Fig. 2 — Two-perspective cartoon of Chinatown. An elderly Chinese man in traditional dress: ""In 1819, Raffles allocated this area for Chinese immigrants. We lived, worked, and supported one another here — it was our home."" A young tourist with a camera: ""Today, Chinatown is filled with cultural festivals, heritage trails, and shops for tourists. The community feel is gone, but its history lives on for visitors to explore."" Background shows shophouse-lined streets.","Compare Chinatown's original function (residential/working community) to its current function (tourism destination), then explain how this shift can erode authentic culture, local businesses, and community life.",""
"prelim_sch1_p1_q2c","O-Elective | O-Pure","Tourism","Positive Impacts of Tourism","Explain","5","paid","False","How does tourism positively affect the society and economy of places? Illustrate your answer with an example that you have studied.","","","",""
"prelim_sch1_p1_q2d","O-Elective | O-Pure","Tourism","Managing Tourism — Pro-Poor Tourism","Explain","4","paid","False","Explain pro-poor tourism and its limitations.","","","",""
"prelim_sch1_p1_q3a","O-Elective | O-Pure","Climate","Urban Heat Island Effect","Describe","2","paid","False","Using Figs. 3.1 and 3.2, describe the distribution of the Urban Heat Island (UHI) effect in Singapore.","Study Fig. 3.1, which shows the intensity of the UHI effect in Singapore, and Fig. 3.2, a satellite image showing the location of green spaces in Singapore.","Fig. 3.1 — Map of Singapore with UHI intensity shading. Higher intensity concentrated in the central and southern urban core (CBD, industrial zones, dense residential areas). Lower intensity in areas with green spaces. Fig. 3.2 — Satellite image of Singapore with green spaces highlighted: Central Catchment Nature Reserve, Western Catchment/Jurong, and scattered parks.","Describe where UHI is highest and lowest, then link the distribution to presence/absence of green spaces in Fig. 3.2. Note the urban core vs. periphery contrast.",""
"prelim_sch1_p1_q3b","O-Elective | O-Pure","Climate","Regional Winds — Northeast Monsoon","Explain","4","paid","False","Explain the formation of the regional winds experienced in Singapore during the months of October to February.","","","",""
"prelim_sch1_p1_q3c","O-Elective | O-Pure","Climate","Managing Climate Change — Adaptation vs Mitigation","Evaluate","9","paid","False","""The adoption of adaptation strategies is sufficient for communities to build resilience against climate change."" With reference to Fig. 3.3, to what extent do you consider this statement to be true? Explain your answer.","Study Fig. 3.3, which shows strategies taken to manage the impact of climate change.","Fig. 3.3 — Venn diagram of climate change management strategies. Left circle (adaptation only): Flood protection; Infrastructure and building design; Disaster management and business continuity. Right circle (mitigation only): Sustainable transportation; Energy efficiency; Renewable energy. Overlapping centre (both): Urban forest; Complete communities; Water and energy conservation.","Use the diagram to identify adaptation-only, mitigation-only, and dual-purpose strategies. Argue whether adaptation alone is sufficient or whether mitigation (addressing root causes) is also necessary.",""
"prelim_sch1_p2_q1a","O-Pure","Geography in Everyday Life","Sense of Place","Describe","3","paid","False","With reference to Fig. 1.1, describe how a sense of place is acquired.","Study Fig. 1.1, which shows people gathering near a temple to celebrate Diwali festival in Ayodhya, India.","Fig. 1.1 — Night photograph: large crowd at a temple in Ayodhya during Diwali. Foreground: hundreds of people placing oil lamps (diyas) arranged in glowing patterns on the ground. Background: illuminated temple with ornate domes and towers. Scene conveys religious devotion, communal ritual, cultural tradition, and shared identity tied to the place.","Use specific visual elements — the temple as a landmark, the communal ritual of placing diyas, the large shared gathering — to explain how repeated participation in cultural/religious events at a specific location creates emotional attachment and a sense of belonging.",""
"prelim_sch1_p2_q1b","O-Pure","Geography in Everyday Life","Ecosystem Services — Supporting Services","Explain","4","paid","False","Explain the benefits that supporting ecosystem services provide for urban neighbourhoods.","","","",""
"prelim_sch1_p2_q1c","O-Pure","Geography in Everyday Life","Data Response — Traffic Accidents","Describe","3","paid","False","Using Fig. 1.2, describe the occurrences of traffic accidents in 2022 and 2023.","Study Fig. 1.2, which shows the number and causes of traffic accidents in Singapore in 2022 and 2023.","Fig. 1.2 — Two pie charts. 2022 (total ~1,450 accidents): Speeding 1138 (79%), Drink driving 175 (12%), Running red light 137 (9%). 2023 (total ~916 accidents): Speeding 624 (68%), Drink driving 180 (20%), Running red light 112 (12%). Key changes: total accidents fell by ~534; speeding fell in number and share; drink driving rose in both absolute number (175→180) and proportion (12%→20%).","Describe the overall change in total accidents, then compare proportions and absolute numbers for each cause across both years. Use specific figures from both charts.",""
"prelim_sch1_p2_q1d","O-Pure","Geography in Everyday Life","Human Impact on Greenspace","Explain","2","paid","False","With reference to Fig. 1.3, explain how people using the community park may bring problems to nature.","Study Fig. 1.3, which shows a community park in an urban area in the USA.","Fig. 1.3 — Photograph of a landscaped urban community park in the USA. Labelled features: residential tower blocks (background); sheltered wooden pergola; chairs and benches; rock climbing wall; children's play area; pedestrian boardwalk bridge crossing over natural ground. Trees and planted garden beds throughout. People walking, using the bridge, and recreating.","Reference specific features — the boardwalk over natural ground, the play area, the high volume of visitors — and explain how intensive use causes soil compaction, habitat disturbance, noise pollution, and waste that harm ecosystems within and around the park.",""
"prelim_sch1_p2_q2b","O-Pure","Tectonics","Sea Floor Spreading","Explain","3","paid","False","With reference to Fig. 2.1, account for the change in the age of oceanic rocks with increasing distance from the mid-ocean ridge.","Study Fig. 2.1, which shows a mid-ocean ridge.","Fig. 2.1 — 3D cross-section of a mid-ocean ridge. Labels: Mid-ocean ridge (top centre); Lithosphere (rigid plates on both sides); Asthenosphere (semi-molten layer below). Convection current arrows rise beneath the ridge and diverge laterally. Striped oceanic crust layers show alternating magnetic polarity bands — thinner/newer at the ridge centre, thicker/older further away.","Trace the process: magma rises at the ridge, cools into new crust, then moves away as more magma is added. Rocks nearest the ridge are youngest; rocks furthest away are oldest. Reference convection currents in the asthenosphere as the driving force.",""
"prelim_sch1_p2_q2c","O-Pure","Tectonics","Volcanic Hazards — Impact on Ecosystems","Explain","3","paid","False","With reference to Fig. 2.2, explain how volcanic eruptions damage natural ecosystems.","Study Fig. 2.2, which shows Mount St Helens before and after the 1982 eruption.","Fig. 2.2 — Split photograph of Mount St Helens, USA. Before: symmetrical snow-capped stratovolcano above a calm blue lake, surrounded by dense green coniferous forest. After (1982): truncated peak with a large crater; surrounding landscape covered in grey ash; dead, flattened tree trunks over a barren wasteland; lake buried; pioneer wildflowers (fireweed) beginning to recolonise the foreground.","Compare the two images directly. Use the before to establish the thriving ecosystem; use the after to explain how pyroclastic flows, lateral blasts, and ash fall destroyed forest, buried the lake, and killed fauna and flora. Note the pioneer recolonisation in the foreground as early ecological succession.",""
"prelim_sch1_p2_q2d","O-Pure","Tectonics","Earthquake Hazards — Disaster Risk Factors","Evaluate","9","paid","False","""The disaster risk caused by an earthquake at a place is most affected by its distance from the earthquake epicentre."" With reference to Figs. 2.3 and 2.4, to what extent do you consider the above statement to be true? Support your answer with relevant examples.","Study Figs. 2.3 and 2.4, which show information about earthquakes in different places.","Fig. 2.3 — Map of Sichuan Earthquake 2008 (M7.9, depth 19km). Shaking intensity zones from epicentre near Dujiangyan: Severe (immediate area); Very strong (~50km, includes Chengdu and Mianyang); Strong (wider Sichuan region); Moderate (extends into Gansu, Shaanxi, Chongqing — several hundred km away). Fig. 2.4 — Horizontal bar chart: Countries hit by most earthquakes 1990–2024. Values: China 186, Indonesia 166, Iran 109, Japan 98, United States 78, Turkey 62, India 58, Philippines 55.","Fig. 2.3 supports the statement (shaking weakens with distance — use the concentric zones). Use Fig. 2.4 to challenge it: countries with similar earthquake frequency (e.g. Indonesia vs. Japan) have very different disaster risk due to building standards, preparedness, and population vulnerability — factors unrelated to epicentre distance.",""
"prelim_sch1_p2_q3a","O-Pure","Singapore","Coastal Ecosystems — Distribution","Describe","2","paid","False","Using Fig. 3.1, describe the distribution of mangroves and corals in Singapore.","Study Fig. 3.1, which shows a map of some of Singapore's coastal ecosystems.","Fig. 3.1 — Map of Singapore showing coastal ecosystems: corals (blue), mangroves (red), sand/mudflats (green). Mangroves concentrated along the northwest coast (Lim Chu Kang, Sungei Buloh, Straits of Johor) and northeast (Pulau Ubin, Chek Jawa, Punggol). Corals found almost exclusively in the south and southwest — southern offshore islands including Cyrene Reefs, Sisters' Islands, Pulau Hantu, Semakau, St John's Island, Kusu Island, Lazarus Island. Clear north–south contrast: mangroves dominate northern coasts; corals dominate southern offshore areas.","Describe mangroves and corals separately using place names from the map. Note the clear north–south spatial contrast between the two ecosystem types.",""
"prelim_sch1_p2_q3b","O-Pure","Singapore","Ageing Population — Economic Impact","Explain","4","paid","False","With reference to Fig. 3.2 only, identify a possible demographic challenge that such a population structure may present and explain its impact on the economic viability of Singapore.","Study Fig. 3.2, which shows a population pyramid of Singapore in 2024.","Fig. 3.2 — Population pyramid, Singapore 2024 (source: U.S. Census Bureau). X-axis: population in thousands (300K each side, male and female). Y-axis: 5-year age bands from 0–4 to 100+. Shape: widest bars at 30–34 to 50–54 age groups (~200–280K per bar); narrow base at 0–4, 5–9, 10–14 (low birth rates); substantial bars at 65+ age groups. Overall: top-heavy/barrel shape indicating ageing population with low birth rates and growing elderly dependency.","Identify the challenge shown by the narrow base and wide upper bars — ageing population and shrinking future workforce. Explain economic consequences: rising old-age dependency ratio, higher healthcare/elderly spending, smaller labour force, lower tax revenues, reduced economic productivity.",""
"prelim_sch1_p2_q3c","O-Pure","Singapore","Social Resilience — SkillsFuture","Explain","4","paid","False","With reference to Fig. 3.3, explain how schemes like SkillsFuture help in building social resilience in Singapore.","Study Fig. 3.3, which shows the SkillsFuture scheme introduced by the Singapore government.","Fig. 3.3 — Screenshot from MySkillsFuture portal. Key details: (1) NEW from 1 May 2024 — SkillsFuture Credit (Mid-Career) top-up of $4,000 (non-expiring) to offset course fees for courses with strong employability outcomes. (2) Mid-Career Enhanced Subsidy (MCES) covers up to 90% of fees for SkillsFuture-funded courses. (3) ENHANCED from AY2025 — Singaporeans can receive subsidies for a second full-time diploma and qualify for MCES.","Use specific scheme features ($4,000 top-up, 90% MCES subsidy, second diploma support) to explain how SkillsFuture helps mid-career workers upskill and remain employable, reducing inequality and strengthening Singapore's collective resilience to economic disruption.",""
"prelim_sch1_p2_q3d","O-Pure","Singapore","Tectonic Threats and Opportunities","Explain","4","paid","False","With the help of Fig. 3.4, explain the possible tectonic threats to Singapore and how Singapore has managed to turn them into opportunities.","Study Fig. 3.4, which shows tectonic information in Southeast Asia.","Fig. 3.4 — Map of Southeast Asia showing: regional fault lines (dashed lines, including East Vietnam Fault, Mae Ping Fault, Three Pagodas Fault running through Peninsular Malaysia close to Singapore); undersea volcanoes (blue circles, 466 in the region, high concentrations around Philippines, Indonesia, South China Sea). Singapore labelled in red as 'Place at Risk.' Singapore is relatively distant from main fault lines but surrounded by a tectonically active region.","Identify threats using the map (undersea volcanoes risking tsunami/ashfall; regional faults risking transmitted tremors). Then explain how Singapore converts threats into opportunities: becoming a regional hub for disaster risk research, early warning systems, and seismic-resilient construction expertise.",""
"prelim_sch1_p2_q3e","O-Pure","Singapore","Food Resilience and Climate Change","Evaluate","6","paid","False","Evaluate Singapore's effort in building food resilience to mitigate the impact of climate change. Support your answer with relevant examples.","","","",""
"prelim_sch5_p1_q1a","O-Elective | O-Pure","Geography in Everyday Life","Sense of Place — Heritage Trails","Compare","4","paid","False","Using Fig. 1.1, describe the similarities and differences between the 'Play @ Pasir Ris' and 'Architectural Highlights' trails.","Study Fig. 1.1, which shows a map of the Pasir Ris Heritage Trail in Singapore, launched in 2019 to make heritage more accessible within urban neighbourhoods.","Fig. 1.1 — Map of Pasir Ris Heritage Trail. Three trail routes shown with different line styles: Coastal Heritage (solid line), Play @ Pasir Ris (dashed dotted), Architectural Highlights (dashed). Both Play @ Pasir Ris and Architectural Highlights have extended trail sections. Key numbered sites: (1) Adventure Playground — most popular for children in Pasir Ris Park; (2) Mangrove Forest — replanted along nearby housing estates; (3) Pasir Ris Town Park — Singapore's only commercial saltwater fishing pond, sustaining Pasir Ris's fishing culture; (4) Sakya Tenphel Ling — one of the first Tibetan Buddhist temples in Southeast Asia; (5) Masjid Al-Istighfar — one of the few mosques that opens 24 hours in Singapore. Play @ Pasir Ris covers recreational/park sites (Adventure Playground, Mangrove Forest, Pasir Ris Beach, Downtown East, Rivers of Pasir Ris). Architectural Highlights covers built heritage (flats with porthole motifs, flats with lighthouse facade, Sakya Tenphel Ling, Masjid Al-Istighfar, Loyang Tua Pek Kong Temple).","Compare route focus, sites visited, and coverage area. Similarities: both pass through Pasir Ris, both have extended trail options, both highlight aspects of the area's identity. Differences: Play @ Pasir Ris focuses on natural/recreational sites (parks, mangroves, beach); Architectural Highlights focuses on built heritage (distinctive buildings, religious sites).",""
"prelim_sch5_p1_q1b","O-Elective | O-Pure","Geography in Everyday Life","Community Spaces and Nature in Urban Neighbourhoods","Describe","4","paid","False","Describe the benefits for residents to interact with community spaces and the natural environment in an urban neighbourhood.","The 'Coastal Heritage' trail brings visitors and residents across some of the sites of cultural and community significance along the Pasir Ris coast and beachfront.","","",""
"prelim_sch5_p1_q1ci","O-Elective | O-Pure","Geography in Everyday Life","Geographical Investigation — Data Interpretation","Evaluate","4","paid","False","Using Tables 1.2 and 1.3, evaluate the extent to which perceptions of the Pasir Ris Heritage Trail are influenced by age.","Students surveyed elderly (aged 60+) and youth (aged 15–25) respondents using quota sampling and a closed-ended questionnaire at two locations: near Pasir Ris Central Hawker Centre (elderly) and Downtown East (youths).","Table 1.2 — Main Reasons for Visiting the Trail (%). To reminisce about the past: Elderly 50%, Youths 10%. To learn more about heritage: Elderly 30%, Youths 30%. For photography/social media: Elderly 0%, Youths 40%. For relaxation/recreation: Elderly 20%, Youths 20%. Table 1.3 — Cultural Perceptions of Pasir Ris Heritage Trail (scale 1–5, where 5 = most meaningful). Four aspects rated by Elderly (60+) vs Youths (15–25): Helps me understand Pasir Ris history: 4.7 / 3.2. Makes me feel proud of my neighbourhood: 4.5 / 2.9. Encourages intergenerational bonding: 4.6 / 3.0. Represents my personal identity: 4.3 / 2.7.","Use specific data from both tables. Evidence age influences perception: elderly score all aspects 4.3–4.7 vs youth 2.7–3.2; 50% of elderly visit to reminisce vs 10% of youth; 40% of youth visit for photography vs 0% elderly. Similarity: equal proportions (30%/30%) visit to learn heritage; equal (20%/20%) for relaxation. Make an overall judgement about the extent of age's influence.",""
"prelim_sch5_p1_q1cii","O-Elective | O-Pure","Geography in Everyday Life","Geographical Investigation — Reliability","Evaluate","2","paid","False","Evaluate the reliability of the students' data collection method.","The students used quota sampling and a closed-ended questionnaire survey conducted over one Saturday afternoon (2–6pm) at two locations: near Pasir Ris Central Hawker Centre (20 elderly respondents) and Downtown East (20 youth respondents).","","",""
"prelim_sch5_p1_q2ai","O-Elective | O-Pure","Tourism","Tourism Development — Butler Model (Consolidation Stage)","Explain","3","paid","False","With reference to Figs. 2.1 and 2.2, explain why Costa Rica's ecotourism industry was at the 'Consolidation' stage in 2019.","Costa Rica has emerged as a global leader in ecotourism. Study Fig. 2.1, which shows changes in tourist arrivals and tourism receipts of Costa Rica from 1995 to 2019, and Fig. 2.2, which shows the range of ecotourism options offered in Costa Rica in 2019.","Fig. 2.1 — Dual-axis line graph 'Changes in tourist arrivals and tourism receipts of Costa Rica.' Left Y-axis: Tourist Arrivals (thousands) 0–3,500. Right Y-axis: Tourism Receipts (millions USD) 0–4,500. X-axis: 1995–2019. Tourist Arrivals: grew from ~700k in 1995 to ~3,100k in 2019 with a plateau 2008–2010, reaching highest-ever level in 2019 but rate of growth levelling off. Tourism Receipts: grew from ~700m to ~3,900m, broadly tracking arrivals. Fig. 2.2 — Spectrum diagram of ecotourism options. Hard ecotourism (left): Multi-day trek in Corcovado National Park — physically active, smaller groups, specialised, self-planned. Middle: Farming experience at Finca Luna Nueva Lodge. Soft ecotourism (right): Staying at Arenal Springs Resort & Spa — physically passive, larger groups, multi-purpose, planned by tour operators.","Use Fig. 2.1 to show high but slowing visitor growth (characteristic of consolidation) and high receipts. Use Fig. 2.2 to show diversification from hard to soft ecotourism indicating a maturing, well-established industry.",""
"prelim_sch5_p1_q2aii","O-Elective | O-Pure","Tourism","Types of Tourists — Dependable Tourist","Explain","2","paid","False","With reference to Fig. 2.2, explain which ecotourism option in Costa Rica would most likely appeal to a Dependable-type tourist.","Study Fig. 2.2, which shows the range of ecotourism options offered in Costa Rica in 2019, ranging from hard to soft ecotourism.","Fig. 2.2 — Ecotourism spectrum. Hard ecotourism: Multi-day trek in Corcovado National Park (physically active, smaller groups, specialised, self-planned). Middle: Farming experience at Finca Luna Nueva Lodge. Soft ecotourism: Staying at Arenal Springs Resort & Spa (physically passive and comfortable, larger groups, multi-purpose, planned by tour operators).","A Dependable tourist seeks organised, comfortable, safe travel with familiar amenities. Match this to the soft ecotourism end — Arenal Springs Resort & Spa — and explain why its characteristics suit a Dependable tourist.",""
"prelim_sch5_p1_q2aiii","O-Elective | O-Pure","Tourism","Positive Economic or Social Impact of Ecotourism","Explain","2","paid","False","Explain one way in which ecotourism can have a positive economic or social impact on Costa Rica.","","","",""
"prelim_sch5_p1_q2aiv","O-Elective | O-Pure","Tourism","Limitations of Ecotourism","Explain","2","paid","False","Explain two possible limitations of ecotourism.","","","",""
"prelim_sch5_p1_q2b","O-Elective | O-Pure","Tourism","Sustainable Tourism — Stakeholder Responsibility","Evaluate","9","paid","False","'The local community should be the main stakeholder ensuring sustainable tourism at a travel destination.' To what extent do you consider this statement to be true? Explain your answer.","","","",""
"prelim_sch5_p1_q3ai","O-Elective | O-Pure","Climate","Regional Winds — Northeast Monsoon in January","Explain","4","paid","False","With reference to Fig. 3.1, explain the direction of the monsoon wind system in January.","Study Fig. 3.1, which shows the monsoon wind system between Asia and Australia in January.","Fig. 3.1 — Map of Southeast Asia showing the monsoon wind system in January. Latitude: 30°S to 30°N. Red arrows show wind direction: originating over Asia (cold high-pressure zone, ~20–30°N) and blowing southward/southeastward across Southeast Asia (10°N to 0°), crossing the equator and turning toward northwest Australia (~10°S–20°S). Multiple arrows show the NE monsoon flowing from northeastern Asia through Indochina and the South China Sea toward Indonesia and northwestern Australia.","Explain that in January, Asia is cold (winter high pressure) and Australia is experiencing summer (low pressure). Winds blow from Asia's high pressure southward to Australia. Note the wind deflects after crossing the equator (Coriolis effect) — NE monsoon in Southeast Asia becomes NW winds over Australia.",""
"prelim_sch5_p1_q3aii","O-Elective | O-Pure","Climate","Tropical Monsoon Climate — Characteristics","Describe","3","paid","False","Describe the temperature and rainfall characteristics of a place with tropical monsoon climate.","","","",""
"prelim_sch5_p1_q3b","O-Elective | O-Pure","Climate","Climate Change — Orbital Forcing (Eccentricity)","Explain","3","paid","False","Using Table 3.1, explain how the changes to the shape of Earth's orbit affect Earth's climate.","Study Table 3.1, which shows the effect of the shape of Earth's orbit on Earth's climate.","Table 3.1 — Effect of shape of Earth's orbit on Earth's climate. More circular orbit: distance from Sun 147–152 million km, range 5 million km, highest average temp ~16°C, lowest average temp ~14°C. More oval (elliptical) orbit: distance 141–156 million km, range 15 million km, highest average temp ~17°C, lowest average temp ~11°C.","A more circular orbit keeps Earth at a consistent distance — smaller temperature range (14–16°C). A more oval orbit brings Earth closer at perihelion (~141m km) and further at aphelion (~156m km) — creating a wider temperature range (11–17°C). This eccentricity variation is one of the Milankovitch cycles.",""
"prelim_sch5_p1_q3c","O-Elective | O-Pure","Climate","Climate Change — Impact on Marine Ecosystems","Explain","4","paid","False","With reference to Fig. 3.2, explain the changes in geographical concentration of the bluefin tuna and shortfin mako in the northwest Atlantic Ocean.","Study Fig. 3.2, which shows the change in geographical concentration of two species of fish — bluefin tuna and shortfin mako — in the northwest Atlantic Ocean over 30 years.","Fig. 3.2 — Scatter map of northwest Atlantic Ocean. X-axis: Longitude 80°W–60°W. Y-axis: Latitude 35°N–45°N. USA landmass on left. Two species: Bluefin tuna (green/teal dots) and Shortfin mako (brown/orange dots). Each species has Past (lighter shade) and Future (darker shade) clusters. Past positions: both species concentrated around 38–40°N, 68–72°W. Future positions: both shifted northward — bluefin tuna future cluster around 41–42°N; shortfin mako also shifted north/northeast. Arrow indicates direction of change (northward/poleward). Both species show approximately 1–3 degrees of latitude northward shift over 30 years.","Both species have shifted northward (poleward) over 30 years. Link to ocean warming caused by climate change — cooler preferred water conditions are now found progressively further north. Use specific latitude data from the map.",""
"prelim_sch5_p1_q3di","O-Elective | O-Pure","Climate","Climate Change — Intensification of Extreme Weather","Explain","2","paid","False","Explain how climate change intensifies either flooding or droughts.","Climate change leads to direct impacts on human systems through intensifying extreme weather events.","","",""
"prelim_sch5_p1_q3dii","O-Elective | O-Pure","Climate","Climate Change — Impact on Ecosystem Services","Explain","2","paid","False","Explain how climate change affects either regulating ecosystem services or cultural ecosystem services.","Climate change leads to indirect impacts on human systems by affecting regulating ecosystem services and cultural ecosystem services.","","",""
"prelim_sch5_p1_q4a","O-Elective | O-Pure","Tectonics","Sea Floor Spreading — Age of Oceanic Crust","Explain","4","paid","False","With reference to Fig. 4.1, explain why the crust becomes older further away from tectonic landform X.","Study Fig. 4.1, which shows tectonic landform X.","Fig. 4.1 — Cross-section of a mid-ocean ridge (tectonic landform X). Labels: 'X' marks the ridge at top centre; 'NEWER CRUST' on both sides immediately adjacent to X; 'OLDER OCEANIC CRUST' further from the ridge; 'CONTINENTAL CRUST' at far edges; 'LITHOSPHERE' below the crust; 'MAGMA' rising at the ridge centre; 'ASTHENOSPHERE' (red) at the bottom with convection current arrows rising beneath the ridge and diverging laterally.","Trace: magma rises from the asthenosphere at the ridge (X), cools and solidifies into new crust, moves away as fresh magma is added. Rock nearest the ridge is youngest; rock furthest away is oldest. Reference convection currents in the asthenosphere as the driving mechanism.",""
"prelim_sch5_p1_q4b","O-Elective | O-Pure","Tectonics","Plate Tectonics — Slab-Pull Force","Describe","3","paid","False","Describe slab-pull force and its influence on plate movement.","","","",""
"prelim_sch5_p1_q4c","O-Elective | O-Pure","Tectonics","Volcanic Hazards — Stratovolcano Identification","Explain","3","paid","False","Using Fig. 4.2, explain the type of volcano that Anak Krakatoa is likely to be from its eruption.","Study Fig. 4.2, which shows Anak Krakatoa erupting in 2018. Anak Krakatoa is a volcanic island in Indonesia.","Fig. 4.2 — Photograph of Anak Krakatoa erupting in 2018, taken from sea level. Steep, symmetrical conical island rising from the sea. Slopes covered in grey ash and bare rock with no vegetation. Tall column of grey ash and white/grey smoke erupts vertically from the summit into a clear blue sky. Explosive ash-producing eruption rather than flowing lava.","Identify features of a stratovolcano: steep-sided cone, explosive ash column (indicating viscous, silica-rich magma), ash-covered grey slopes. Contrast with a shield volcano (broad, gentle slopes; fluid lava). Explain that explosive eruption indicates high-viscosity magma that traps gases until pressure forces a violent eruption.",""
"prelim_sch5_p1_q4d","O-Elective | O-Pure","Tectonics","Volcanic Landforms — Stratovolcano Shape","Explain","4","paid","False","With reference to Fig. 4.3, explain the shape and characteristics of Anak Krakatoa.","Study Fig. 4.3, which is a sketch of Anak Krakatoa.","Fig. 4.3 — Topographic sketch map of Anak Krakatoa. Key: contours at 50m intervals (100m and 200m contours visible); rock face; crater (solid black dot near summit); lava flow; forest; beach. North arrow present. Map not to scale. Features: beaches on coastal periphery; forested areas on lower slopes; bare rock face on steeper flanks; lava flow extending from near the crater toward the coast; single crater near summit. Closely spaced contours near summit indicate steep slopes; wider spacing on lower flanks.","Use contours to describe the steep conical shape (closely-spaced = steep slopes). Note the single crater near the summit. Identify features from past volcanic activity: lava flows, bare rock faces. Use the 100m and 200m contours to support description of height and slope angle.",""
"prelim_sch5_p1_q4e","O-Elective | O-Pure","Tectonics","Earthquake Hazards — Soil Liquefaction","Explain","2","paid","False","Explain how soil liquefaction affects either the natural or human system.","Earthquakes affect the natural and human systems through hazards like soil liquefaction.","","",""
"prelim_sch5_p1_q4f","O-Elective | O-Pure","Tectonics","Tectonic Disaster Risk — Vulnerable Conditions or Exposure","Explain","2","paid","False","Explain how the extent of tectonic disaster risk experienced in a place can be determined by either vulnerable conditions or exposure.","The extent of tectonic disaster risk experienced in a place is determined by factors like vulnerable conditions or exposure.","","",""
"prelim_sch7_p1_q1a","N-Elective","Geography in Everyday Life","Spatial Hierarchy in Singapore Towns","Describe","3","paid","False","Study Fig. 1.1, which shows a spatial hierarchy found in Singapore. Describe the characteristics of each level of the hierarchy shown in Fig. 1.1.","","Fig. 1.1 — Spatial hierarchy diagram showing three levels with labelled drawings. (1) Residential Unit: a single low-rise house/flat unit. (2) Precinct: a cluster of two HDB-style apartment blocks side by side. (3) Neighbourhood: represented as a larger area boundary. A fourth bird's-eye sketch shows a town with a lake, community garden, and two bus stops, suggesting the broader town level.","Focus on what makes each level distinct — the scale, number of units, and types of facilities or spaces associated with each level of the hierarchy.",""
"prelim_sch7_p1_q1bii","N-Elective","Geography in Everyday Life","Town Planning in Singapore","Explain","4","paid","False","Using the information below, explain how town planning is carried out in Singapore.

Facilities in a new Singapore town: Park — large green space with trees, playground and a fitness area. Integrated sports hub — a sports centre with public swimming pool, table tennis tables and badminton court. Bus stop — spread out at regular intervals so there is a bus stop near every apartment block. Covered linkway — located near each other, across different blocks for greater accessibility.","","","",""
"prelim_sch7_p1_q1c","N-Elective","Geography in Everyday Life","Environmental Stewardship and Sustainable Neighbourhoods","Explain","4","paid","False","Explain how environmental stewardship can help to build sustainable neighbourhoods.","","","",""
"prelim_sch7_p1_q1dii","N-Elective","Geography in Everyday Life","Geographical Investigation — Data Comparison","Compare","2","paid","False","Using the data below, contrast the level of satisfaction which residents have towards education facilities in Neighbourhood ABC and Neighbourhood XYZ.

Neighbourhood ABC satisfaction with education facilities: Extremely Dissatisfied 1, Dissatisfied 1, Satisfied 9, Extremely Satisfied 9. Neighbourhood XYZ satisfaction with education facilities: Extremely Dissatisfied 8, Dissatisfied 8, Satisfied 2, Extremely Satisfied 2.","Students surveyed the first 20 people they saw at the entrance of each neighbourhood on a Saturday evening.","","",""
"prelim_sch7_p1_q1diii","N-Elective","Geography in Everyday Life","Geographical Investigation — Explaining Relationships","Explain","4","paid","False","Using the data below, explain the relationship between the overall level of satisfaction towards one's neighbourhood and the facilities present in the neighbourhood.

Overall satisfaction: Neighbourhood ABC — Extremely Dissatisfied 3, Dissatisfied 3, Satisfied 6, Extremely Satisfied 8. Neighbourhood XYZ — Extremely Dissatisfied 7, Dissatisfied 8, Satisfied 3, Extremely Satisfied 2.

Neighbourhood ABC mean satisfaction by facility: Healthcare 1/5/6/8, Eating areas 2/4/7/7, Recreation 2/7/6/5, Retail 5/9/4/2, Education 1/1/9/9. Mean: 2.2/5.2/6.4/6.2.

Neighbourhood XYZ mean satisfaction by facility: Healthcare 1/2/9/8, Eating areas 6/7/3/4, Recreation 3/4/6/7, Retail 8/9/2/1, Education 8/8/2/2. Mean: 5.2/6.0/4.4/4.4.

(Columns: Extremely Dissatisfied / Dissatisfied / Satisfied / Extremely Satisfied)","Students surveyed the first 20 people they saw at the entrance of each neighbourhood on a Saturday evening.","","",""
"prelim_sch7_p1_q1div","N-Elective","Geography in Everyday Life","Geographical Investigation — Evaluating Data Collection","Evaluate","4","paid","False","Evaluate the ease of data collection and the reliability of the data used in this investigation.","20 students investigated resident satisfaction in two neighbourhoods, dividing into two groups of 10. Each group stood at the entrance of their neighbourhood and surveyed the first 20 people they saw on a Saturday evening. The hypothesis was: 'The level of satisfaction of residents in a neighbourhood is affected by the facilities present in a neighbourhood.' Sampling method used: convenience sampling.","","",""
"prelim_sch7_p1_q2b","N-Elective","Tectonics","Earthquakes — Epicentre Distance and Deaths","Describe","4","paid","False","Study Fig. 2.2, which shows the relationship between the distance from the epicentre and number of deaths from earthquakes in Japan. Using Fig. 2.2, describe and explain the relationship between the distance of epicentre of earthquakes and the number of deaths caused.","","Fig. 2.2 — Scatter graph 'Relationship between Distance from Epicentre and Number of Deaths.' Y-axis: Distance from Epicentre (km), 0–60 km. X-axis: Number of Deaths (thousands), 0–70. Data points: at 0 km ~55,000 deaths; at 5 km ~20,000; at 10 km ~45,000; at 20 km ~35,000; at 30 km ~25,000; at 40 km ~15,000; at 50 km ~10,000; at 60 km ~5,000. General negative relationship (as distance increases, deaths decrease) with one anomaly at 5 km (lower than expected).","Identify the overall trend, support with specific data values, explain why the trend occurs geographically, and note the anomaly at 5 km.",""
"prelim_sch7_p1_q2c","N-Elective","Tectonics","Earthquakes — Soil Liquefaction Impacts","Explain","3","paid","False","Using a named example, explain how soil liquefaction due to earthquakes can affect natural and human systems.","","","",""
"prelim_sch7_p1_q2d","N-Elective","Tectonics","Earthquakes — Nature of Hazard and Disaster Risk","Explain","4","paid","False","Explain how the disaster risks caused by earthquakes can be influenced by the nature of the hazard.","","","",""
"prelim_sch7_p1_q2e","N-Elective","Tectonics","Volcanoes — Social and Economic Consequences","Explain","5","paid","False","Study Fig. 2.3, which shows information about the hazards caused by volcanic eruptions. Using Fig. 2.3, explain how volcanoes can cause social and economic consequences at an individual and national scale.","","Fig. 2.3 — Composite image 'Hazards of Volcanic Eruptions.' Central cross-section diagram of a volcano labelling: Prevailing Wind, Eruption Cloud, Tephra (Ash) Fall, Acid Rain, Bombs, Landslide, Pyroclastic Flow, Dome Collapse, Lava Flow, and Lahar. Four accompanying photographs: (1) Ash cloud from Eyjafjallajokull eruption, Iceland 2010. (2) Road flanked by devastated vegetation with smoke — pyroclastic flows from Mount Merapi, Indonesia claimed at least 122 lives (2018). (3) Aerial view of Armero, Colombia, totally destroyed by lahars from Nevado del Ruiz volcano (1985). (4) Person near lava flow burning through a suburban road — Kalpana, Hawaii, 100 houses destroyed by lava flow (1990).","Use the photographs and hazard labels to identify specific volcanic hazards. Link each to both a social consequence (lives, homes, wellbeing) and an economic consequence (finances, livelihoods, national costs). Distinguish between individual and national scales.",""
"prelim_sch7_p1_q2f","N-Elective","Tectonics","Disaster Risk Reduction — Monitoring and Warning Systems","Evaluate","6","paid","False","'Strengthening community resilience by developing monitoring and warning systems is the most effective way to reduce a country's disaster risk.' To what extent do you agree with this statement? Explain your answer with relevant examples.","","","",""
"prelim_sch3_p1_q1aii","O-Elective | O-Pure","Geography in Everyday Life","Sustainability of Urban Neighbourhoods","Explain","3","paid","True","Using Fig. 1.1, explain how this neighbourhood achieved economic sustainability.","Study Fig. 1.1, which shows a map of a neighbourhood in Toa Payoh.","Fig. 1.1 — Aerial/street map (OneMap) of a bounded neighbourhood in Toa Payoh, Singapore. Red outline demarcates the neighbourhood boundary. Within the boundary: HDB residential blocks (numbered 190s–240s, Toa Payoh Spring and Toa Payoh North estates); Masjid (mosque) and Singapore Islamic Hub/Madrasah cluster near Braddell Road; Beatty Secondary School; two 'Mkt & Hawker Ctr' labels on western and eastern edges; 'News Ctr' on north-west; bus-stop icons distributed around the boundary; Braddell Road along the north. Scale bar: 0–100m. Mix of residential, educational, religious, commercial, and civic facilities all within walking distance.","Identify the mix and distribution of services and commercial facilities within the neighbourhood boundary and consider how their presence supports economic activity and self-sufficiency for residents.",""
"prelim_sch3_p1_q1b","O-Elective | O-Pure","Geography in Everyday Life","Community Resilience","Describe","4","paid","False","Describe how community resilience can be developed.","","","",""
"prelim_sch3_p1_q1ci","O-Elective | O-Pure","Geography in Everyday Life","Geographical Investigation — Hypothesis Evaluation","Evaluate","3","paid","True","Using Figs. 1.2 and 1.3, evaluate how well the data supports the hypothesis: ""Services located in Toa Payoh Central attract users from further distances compared to services located in a typical Toa Payoh precinct.""","Students tested the hypothesis by interviewing 10 customers each at a bakery in Toa Payoh Central and a bakery in Toa Payoh Bloom precinct (3–4pm). Customers' postal codes were collected and residences plotted on flow line maps.","Fig. 1.2 — Flow line map showing residences of 10 customers from the Toa Payoh Central bakery. Lines radiate from the bakery across a wide area of Toa Payoh and beyond; two lines are annotated 'Out of map range,' indicating customers living well outside the immediate area. Flow lines span multiple residential estates. Fig. 1.3 — Flow line map showing residences of 10 customers from the Toa Payoh Bloom precinct bakery. Flow lines are clustered tightly within the local precinct area; two also marked 'Out of map range' but appear to extend only slightly beyond the map edge. The cluster of flow lines is noticeably shorter and more concentrated than in Fig. 1.2.","Compare the length and spread of flow lines in both maps. Argue whether the pattern supports or contradicts the hypothesis, and note limitations in what two maps of 10 customers each can tell you.",""
"prelim_sch3_p1_q2a","O-Elective | O-Pure","Tourism","Tourist Arrivals — Trends and Patterns","Compare","3","paid","False","Using Fig. 2.1, compare visitor arrivals from China and Southeast Asia to Taiwan from 2009 to 2018.","Study Fig. 2.1, which shows the number of visitor arrivals in Taiwan from 2009 to 2018.","Fig. 2.1 — Line graph 'Number of visitor arrivals in Taiwan 2009–2018.' Y-axis: Million people, 0–4.5. X-axis: 2009–2018. Four lines: China (blue) — starts ~1.0m (2009), rises steeply to peak ~4.0m (2015), then falls sharply to ~2.7m (2018). Southeast Asia (grey) — starts ~0.7m (2009), grows steadily to ~2.4m (2018), overtaking China in 2017–2018. Japan and South Korea (orange) — starts ~1.5m (2009), grows to ~3.0m (2018). Rest of world (gold) — starts ~1.5m (2009), grows to ~3.0m (2018).","Compare starting values, peak values, trends (increasing/decreasing/fluctuating), and relative positions of the China and Southeast Asia lines across the full 2009–2018 period.",""
"prelim_sch3_p1_q2b","O-Elective | O-Pure","Tourism","Impacts of Tourism","Explain","3","paid","False","With reference to Fig. 2.2, explain the possible impacts of tourism in Taipei.","Study Fig. 2.2, which shows the popular Shilin night market in Taipei, a city in Taiwan.","Fig. 2.2 — Night photograph of Shilin Night Market, Taipei. Dense, narrow street packed with large numbers of people (tourists and locals). Both sides lined with brightly lit stalls and shops selling food and goods; Chinese-character signage and brand billboards (Sony Ericsson, Vodafone, ASUS, Motorola) visible. Foreground stalls display food items. Very large crowd filling the full width of the street. Scene suggests high footfall, vibrant commercial activity, and a culturally distinctive atmosphere.","Use visible evidence — crowd density, commercial activity, types of businesses, signage — to infer both positive impacts (economic activity, cultural showcase) and negative impacts (overcrowding, noise, commercialisation) that high tourist volumes bring.",""
"prelim_sch3_p1_q2c","O-Elective | O-Pure","Tourism","Types of Tourists — Niche Tourism","Explain","3","paid","False","Using Fig. 2.3, explain the type of tourists this itinerary would attract.","Study Fig. 2.3, which shows a 4-day Greenland itinerary.","Fig. 2.3 — 4-day Greenland itinerary (source: blueiceexplorer.gl). Day 1: Arrive in remote Narsarsuaq settlement. Day 2: Boat to Itilleq; 4 km hike along 'King's Road' to Igaliku with fjord and mountain views. Day 3: Explore Norse ruins at Gardar; optional challenging hikes including 17 km route to Lake 90 for glacier/iceberg views, 15 km Waterfall Tour, and climb of Nuuluk peak (823 m); opportunities to find rock crystals and moonstone. Day 4: Visit Qassiarsuk (Erik the Red's 982 AD settlement), Brattahlid ruins and museum; glacier/iceberg boat trip to Qooroq Isfjord — enjoy a drink with ice over 1,000 years old in remote Arctic waters. Photos show glacier calving into a fjord and an Arctic stone cairn landscape.","Consider what the activities (long challenging hikes, remote locations, historical/natural interest), remoteness, and cultural elements reveal about the fitness level, motivations, and tourist type this itinerary attracts.",""
"prelim_sch3_p1_q2d","O-Elective | O-Pure","Tourism","Sustainable Tourism — Stakeholder Roles","Evaluate","9","paid","False","'The government is the most important stakeholder in influencing sustainable tourism.' How far do you agree? Give evidence to support your answer.","","","",""
"prelim_sch3_p1_q3a","O-Elective | O-Pure","Climate","Relative Humidity and Temperature Relationship","Describe","3","paid","False","Using Fig. 3.1, describe the relationship between relative humidity and air temperature.","Study Fig. 3.1, which shows a dual-axis line graph of relative humidity and air temperature recorded over a 24-hour period.","Fig. 3.1 — Dual-axis line graph over 24 hours (12 Midnight to 12 Midnight). Left Y-axis: Relative Humidity (%), 40–80%. Right Y-axis: Air Temperature (°C), −4 to 16°C. Relative humidity (solid line): starts ~73% at midnight, decreases to trough ~46% at noon, rises to ~61% by midnight. Air temperature (dashed line): starts ~3°C at midnight, peaks ~11°C at noon, falls to ~6°C by midnight. Clear inverse relationship — as temperature rises through the morning, humidity falls; as temperature falls in the evening, humidity rises.","Describe the pattern of each variable across 24 hours and identify the inverse relationship. Note where the relationship is strongest and quote specific data values.",""
"prelim_sch3_p1_q3b","O-Elective | O-Pure","Climate","Local Winds — Land and Sea Breezes","Explain","4","paid","False","With reference to Fig. 3.2, explain how a land breeze occurs.","Study Fig. 3.2, which shows the movement of air at a coastal area.","Fig. 3.2 — Coastal cross-section diagram at night (crescent moon symbol). Land on left (labelled 'land cooler'), sea on right (labelled 'sea warmer'). Blue arrow labelled 'cool land breeze' flows from land rightward toward the sea at surface level. Orange curved arrow labelled 'warm air' rises from the sea surface and arcs back over the land at altitude, completing the circulation cell. Trees, a house, and a valley on the land; a sailing boat on the sea.","Use all labels and arrows to explain the sequence: differential cooling of land vs sea at night → land becomes cooler and denser → high pressure over land, low pressure over sea → air flows from land to sea at surface as land breeze → warm air over sea rises and returns over land aloft completing the cell.",""
"prelim_sch3_p1_q3ci","O-Elective | O-Pure","Climate","Global Warming — Spatial Patterns of Temperature Change","Describe","4","paid","False","Using Fig. 3.3, describe the change in the Earth's surface temperature.","Study Fig. 3.3, which shows the degree to which the Earth's surface temperature in 2020 has changed relative to the average temperature between 1951 and 1980.","Fig. 3.3 — Global choropleth map of surface temperature anomaly in 2020 vs 1951–1980 baseline. Colour scale: dark blue = −4°C → blue = −1°C → white = 0°C → yellow = +0.5–1°C → orange = +1–2°C → red = +2–4°C → dark red = +4–7°C. Key patterns: Vast majority of Earth's surface is yellow-orange-red (warmer than baseline). Arctic and high northern latitudes (Greenland, Russia/Siberia, northern Canada) show darkest red (+4°C or more). Continental interiors in Northern Hemisphere show +2–4°C (orange-red). Tropical regions show moderate warming +0.5–2°C (yellow-orange). Small blue cooling patches: North Atlantic south of Greenland (possibly AMOC slowdown), parts of Southern Ocean. Oceans generally show less warming than land at similar latitudes.","Describe the overall global pattern, identify regions with greatest warming and any areas of cooling. Note differences between polar, mid-latitude, and tropical regions, and between land and ocean.",""
"prelim_sch3_p1_q3cii","O-Elective | O-Pure","Climate","Global Warming — Causes and Spatial Variation","Explain","4","paid","False","With reference to Fig. 3.3, suggest reasons for the change in the Earth's surface temperature.","Study Fig. 3.3, which shows the degree to which the Earth's surface temperature in 2020 has changed relative to the average temperature between 1951 and 1980.","Fig. 3.3 — Global temperature anomaly map 2020 vs 1951–1980 baseline (as described above). Most of Earth is warmer. Arctic shows +4°C or more warming. Small cooling patches in North Atlantic and Southern Ocean. Oceans show less warming than land.","Link spatial patterns to underlying causes: why polar regions warm fastest (Arctic amplification, ice-albedo feedback), why land warms more than ocean (land heats/cools faster), why some areas show cooling (AMOC slowdown in North Atlantic). Reference the enhanced greenhouse effect as the overarching driver.",""
"prelim_sch3_p1_q3d","O-Elective | O-Pure","Climate","Mitigation of Climate Change","Explain","3","paid","False","Explain how local governments and individuals can carry out mitigation strategies to reduce greenhouse gas emissions.","","","",""
"prelim_sch3_p1_q4ai","O-Elective | O-Pure","Tectonics","Landforms at Divergent Boundaries — Rift Valleys","Describe","3","paid","False","Using Fig. 4.1, describe the features of a rift valley.","Study Fig. 4.1, which shows a photograph of part of the East African Rift Valley.","Fig. 4.1 — Ground-level photograph of the East African Rift Valley. Wide, flat-bottomed valley floor with a shallow stream/river. Valley flanked on both sides by near-vertical or very steep rock walls rising dramatically high; walls expose layered sedimentary/volcanic rock strata in shades of tan, orange, and brown. Small human figures on the valley floor give scale — the walls appear many tens of metres high. Valley has a narrow opening at the top relative to its depth, visible as a strip of sky between cliff faces.","Use observable physical features — shape of valley floor, angle and height of walls, rock strata exposure — to describe what a rift valley looks like.",""
"prelim_sch3_p1_q4aii","O-Elective | O-Pure","Tectonics","Divergent Plate Boundaries — Rift Valley Formation","Explain","4","paid","False","Using Fig. 4.2, explain the formation of the rift valley formed in Africa.","Study Fig. 4.2, which shows the location of the East African Rift Valley.","Fig. 4.2 — Tectonic map of East Africa. Labels: African Plate (west/south), Arabian Plate (north-east) with black arrow pointing NE (diverging away from Africa). Gulf of Aden between Arabian Plate and Horn of Africa. Indian Ocean (south-east). Equator marked as dashed horizontal line. East African Rift shown as dotted lines running N–S through eastern Africa, bifurcating into: Western Rift Valley (Lakes Albert, Edward, Tanganyika) and Eastern Rift Valley (Lake Turkana and south). Volcano triangles along the rift including 'Erta Ale volcano' on the eastern branch. Lakes labelled: Albert, Victoria, Turkana, Edward, Tanganyika, Malawi. Legend: Plate Boundaries (solid red lines), East African Rift (dotted), Volcanoes (triangles). Black arrows show plates diverging.","Use plate names, movement arrows, and rift location to explain the tectonic process: diverging plates → tension fractures continental crust → faulting and subsidence of central blocks → rift valley forms. Reference convection currents in the mantle as the driving force.",""
"prelim_sch3_p1_q4aiii","O-Elective | O-Pure","Tectonics","Volcanic Characteristics at Divergent Boundaries","Explain","4","paid","False","Using Figs. 4.2 and 4.3, account for the characteristics of Erta Ale volcano.","Study Fig. 4.2, which shows the location of the East African Rift Valley and Erta Ale volcano. Study Fig. 4.3, which shows an aerial photograph of Erta Ale, a volcano in the East African Rift Valley.","Fig. 4.2 (tectonic map — as described above): Erta Ale labelled by a volcano triangle on the eastern branch of the East African Rift near the Horn of Africa/Gulf of Aden junction, at a divergent plate boundary. Fig. 4.3 — Aerial photograph of Erta Ale. Very broad, low, gently sloping shield volcano profile — wide and flat/dome-shaped rather than steep-sided. Summit area contains an active lava lake/caldera pit with a tall column of white volcanic gas/steam rising into blue sky. Surrounding landscape: arid, flat dark lava plain (solidified basaltic lava flows, dark grey/black) extending to the horizon. No significant vegetation. Crater rim clearly defined with active vent/lava lake pit visible as a deeper circular depression.","Link the physical appearance in Fig. 4.3 (broad shape, basaltic lava, active lava lake) to its tectonic setting in Fig. 4.2 (divergent boundary). Explain why divergent boundary volcanoes are shield-type: low-viscosity basaltic magma from mantle upwelling flows easily, building broad, gently sloping cones with effusive rather than explosive eruptions.",""
"prelim_sch3_p1_q4b","O-Elective | O-Pure","Tectonics","Earthquake Impacts — Factors Affecting Damage","Explain","4","paid","False","Using Fig. 4.4, suggest how the earthquake resulted in serious damage and heavy loss of lives in Nepal and the Himalayan region.","Study Fig. 4.4, which shows information on Nepal and the earthquake which happened in Kathmandu in 2015.","Fig. 4.4 — 2015 Nepal Earthquake damage map. Scale bar: 0–90 km. International boundaries with China (north) and India (south). Himalayan Mountains labelled to the north. Main epicentre: 7.8 magnitude, depth 15 km, 2015-04-25, near Gorkha/Nuwakot area NW of Kathmandu (marked with large double-ringed star). Multiple aftershock epicentres (magnitude 4–5, 5–6, and 6–7 scale) clustered nearby and eastward. Damage zones in colour: moderate (pale green), strong (yellow), very strong (orange), severe (dark orange/red), violent (darkest red). Violent/severe zones cover Kathmandu, Bhaktapur, Gorkha, Dhading, Sindhupalchok. Severe and very strong zones extend across much of central Nepal. Numerous named towns within the highest damage zones.","Use specific evidence — epicentre location relative to Kathmandu, magnitude (7.8), shallow depth (15 km), extent and colour of damage zones, number of aftershocks, and proximity to Himalayan terrain — to explain why the earthquake caused severe damage and loss of life.",""
"prelim_sch3_p1_q4c","O-Elective | O-Pure","Tectonics","Earthquake Disaster Response Strategies","Describe","3","paid","False","Describe strategies that can be used to respond to earthquake disasters.","","","",""
"prelim_sch2_p1_q1cii","O-Elective | O-Pure","Geography in Everyday Life","Geographical Investigation — Data Interpretation","Evaluate","3","paid","False","Using Table 1.1 and Fig. 1.4, evaluate the effectiveness of Silver Zones in increasing pedestrian safety for the elderly.","Students used a handheld speed camera to measure vehicle speeds at a Silver Zone on a Monday. Table 1.1 – Speed of oncoming vehicles: 8–9am: 25 vehicles at 30–40 km/h, 4 at 41–50, 1 at 51–60 (total 30); 12–1pm: 16 at 30–40, 2 at 41–50, 2 at 51–60 (total 20); 4–5pm: 11 at 30–40, 2 at 41–50, 2 at 51–60 (total 15).","Fig. 1.4 — Survey results from 20 elderly residents near the Silver Zone. Three questions: (1) Awareness of Silver Zone — 20 yes, 0 no. (2) Safety rating — 4 neutral, 12 safe, 4 very safe. (3) Change in accidents since Silver Zone introduced — 10 noticed a decrease, 7 no significant change, 0 noticed an increase, 3 don't know.","Use the survey data together with Table 1.1 speed data to argue whether Silver Zones are effective. Consider both evidence types and note any limitations in the data.",""
"prelim_sch2_p1_q2aii","O-Elective | O-Pure","Tourism","Tourist Arrivals — Trends and Patterns","Explain","3","paid","False","Using Fig. 2.1 and Table 2.1, account for the change in tourist arrivals to Taiwan from April to July.","Table 2.1 – Tourist arrivals to Taiwan in 2024: Jan 589,961; Feb 648,348; Mar 811,608; Apr 610,146 (7.4 magnitude earthquake); May 580,000; Jun 571,510; Jul 539,454; Aug 616,922; Sep 575,455 (5.3 magnitude earthquake); Oct 661,115; Nov 747,800; Dec 903,619.","Fig. 2.1 — Line graph 'Monthly Tourist Arrivals to Taiwan, 2024.' X-axis: months Jan–Dec. Y-axis: number of arrivals (approximately 500,000–950,000). The line rises from Jan (589,961) to a peak in March (811,608), then drops sharply in April (610,146) following a 7.4 magnitude earthquake, continues declining through May (580,000), June (571,510), and July (539,454) — the lowest point of the year — before recovering from August onward, reaching its highest point in December (903,619). A second dip is visible in September (575,455) coinciding with a 5.3 magnitude earthquake.","Describe the downward trend April–July, then use Table 2.1 to identify specific values and explain the causes — especially the April earthquake as a turning point.",""
"prelim_sch2_p1_q2b","O-Elective | O-Pure","Tourism","Tourism Development — Butler Model (Consolidation Stage)","Describe","2","paid","False","Describe two characteristics of tourist destination regions in the consolidation stage of the tourism development cycle.","","","",""
"prelim_sch2_p1_q2d","O-Elective | O-Pure","Tourism","Sustainable Tourism — Stakeholder Responsibility","Evaluate","9","paid","False","'Government plays the most important role in influencing sustainable tourism development.' How far do you agree with this statement? Explain your answer.","","","",""
"prelim_sch2_p1_q3c","O-Elective | O-Pure","Climate","Enhanced Greenhouse Effect — Deforestation","Explain","4","paid","False","Explain how deforestation contributes to the enhanced greenhouse effect.","","","",""
"prelim_sch2_p1_q3dii","O-Elective | O-Pure","Climate","Food Resilience and Climate Change","Explain","2","paid","False","Suggest two factors that influenced the change in crop yield for maize between 1981 and 2010.","","","",""
"prelim_sch2_p1_q3e","O-Elective | O-Pure","Climate","Climate Change — Impacts on Vulnerable Communities","Explain","3","paid","False","Explain why climate change affects disadvantaged communities and developing countries to a larger extent.","","","",""
"prelim_sch2_p1_q4c","O-Elective | O-Pure","Tectonics","Volcanic Eruptions — Stratovolcano Characteristics","Explain","3","paid","False","Explain why stratovolcanoes tend to have more explosive eruptions.","","","",""
"prelim_sch2_p1_q4d","O-Elective | O-Pure","Tectonics","Tectonic Disaster Risk — Vulnerable Conditions or Exposure","Explain","4","paid","False","Explain how vulnerable conditions can affect the extent of disaster risk during an earthquake.","","","",""
"prelim_sch4_p1_q1cii","O-Elective | O-Pure","Geography in Everyday Life","Geographical Investigation — Hypothesis Evaluation","Evaluate","3","paid","False","Using Table 1.1, evaluate how well the data supports the hypothesis: 'There is variation in the wellness of residents across different age groups.'","Table 1.1 – Wellness of Tampines residents by age group (% of respondents): Exercise at least twice a week: under 20: 90%, 20–39: 84%, 40–59: 58%, 60+: 13%. Eat a balanced diet: 22%, 74%, 87%, 14%. Sleep at least 8 hours a day: 98%, 78%, 97%, 96%. Screen time more than 3 hours per day: 94%, 83%, 33%, 11%.","","",""
"prelim_sch4_p1_q2aii","O-Elective | O-Pure","Tourism","Factors Contributing to Growth of Tourism","Describe","3","paid","False","Using Table 2.1 and Fig. 2.1, describe how income may affect the decision of tourists to revisit tourist destinations.","Table 2.1 – Number of survey respondents who indicated they may revisit tourist destinations, by income group: under $2,000: 5; $2,000–$3,999: 20; $4,000–$5,999: 28; $6,000–$7,999: 15; $8,000–$9,999: 40; over $10,000: 55.","Fig. 2.1 — Bar chart 'Number of Survey Respondents Likely to Revisit Tourist Destinations, by Monthly Income Group.' X-axis: income brackets (under $2,000 / $2,000–$3,999 / $4,000–$5,999 / $6,000–$7,999 / $8,000–$9,999 / over $10,000). Y-axis: number of respondents (0–60). Bar heights: 5, 20, 28, 15, 40, 55. General upward trend with higher income groups showing greater likelihood of revisiting, with a dip at $6,000–$7,999 (15) before rising steeply for the two highest brackets.","Describe the overall trend (higher income → more likely to revisit), note the anomaly at $6,000–$7,999, and use specific values from both Fig. 2.1 and Table 2.1 to support your description.",""
"prelim_sch4_p1_q2c","O-Elective | O-Pure","Tourism","Limitations of Ecotourism","Evaluate","9","paid","False","'Ecotourism is the most effective approach in achieving sustainable tourism development.' To what extent do you consider this statement to be true? Explain your answer.","","","",""
"prelim_sch4_p1_q3b","O-Elective | O-Pure","Climate","Climate Change — Sunspot Activity","Explain","3","paid","False","Explain how higher sunspot activity results in higher temperatures on Earth.","","","",""
"prelim_sch4_p1_q3c","O-Elective | O-Pure","Climate","Climate Change — Impact on Ecosystem Services","Explain","3","paid","False","Explain the impact of climate change on terrestrial ecosystems.","","","",""
"prelim_sch4_p1_q4a","O-Elective | O-Pure","Tectonics","Divergent Plate Boundaries — Rift Valley Formation","Explain","4","paid","False","Explain the processes which occur at a divergent plate boundary.","","","",""
"prelim_sch4_p1_q4d","O-Elective | O-Pure","Tectonics","Tectonic Disasters — Economic Impacts","Explain","3","paid","False","Explain how tectonic disasters can result in economic losses.","","","",""
"prelim_sch6_p1_q1aii","O-Elective | O-Pure","Geography in Everyday Life","Human Impact on Greenspace","Describe","2","paid","False","Describe how human activities can bring benefits to green spaces such as parks.","","","",""
"prelim_sch6_p1_q1bii","O-Elective | O-Pure","Geography in Everyday Life","Sustainability of Urban Neighbourhoods","Describe","1","paid","False","Describe one way in which buildings in urban neighbourhoods can be designed to be environmentally sustainable.","","","",""
"prelim_sch6_p1_q2bii","O-Elective | O-Pure","Tourism","Positive Impacts of Tourism","Describe","2","paid","False","Describe how tourism can lead to positive environmental impacts in the destination region.","","","",""
"prelim_sch6_p1_q2c","O-Elective | O-Pure","Tourism","Factors Contributing to Growth of Tourism","Evaluate","9","paid","False","'A high disposable income is the main factor that generates tourists from developed countries.' To what extent do you agree with this statement? Explain your answer.","","","",""
"prelim_sch6_p1_q3bii","O-Elective | O-Pure","Climate","Enhanced Greenhouse Effect — Fossil Fuels","Explain","3","paid","False","Explain how the burning of fossil fuels has accelerated climate change. Use examples to support your answer.","","","",""
"prelim_sch6_p1_q3d","O-Elective | O-Pure","Climate","Climate Change — Impacts on Human Systems","Explain","3","paid","False","Explain the impacts of climate change on human systems.","","","",""
"prelim_sch6_p1_q4b","O-Elective | O-Pure","Tectonics","Community Resilience","Evaluate","3","paid","False","Evaluate the effectiveness of using land-use planning to build community resilience against earthquakes.","","","",""
"prelim_sch6_p1_q4cii","O-Elective | O-Pure","Tectonics","Volcanic Eruptions — Silica Content and Shield Volcanoes","Explain","2","paid","False","Explain how silica content can affect the physical features and nature of eruptions for shield volcanoes such as Mauna Loa and Kilauea.","","","",""
"prelim_sch6_p1_q4dii","O-Elective | O-Pure","Tectonics","Tectonic Threats and Opportunities","Explain","3","paid","False","Explain how volcanoes can be beneficial for a country.","","","",""
